LLM,Proficiency,Gen1,Clarity,Confidence score,Source citations,Friendly tones,technical language,Hedging language
LLM_C,Awareness,Yes,4,4,4,4,4,4
LLM_B,Awareness,Yes,4,3,5,5,4,3
LLM_B,Awareness,Yes,3,1,4,2,2,2
LLM_B,Awareness,Yes,5,5,2,3,4,5
LLM_D,Awareness,Yes,3,3,5,3,4,4
LLM_B,Novice,Yes,3,4,4,3,3,4
LLM_B,Awareness,Yes,5,3,5,4,4,5
LLM_D,Awareness,Yes,4,3,4,2,2,2
LLM_D,Awareness,Yes,5,4,5,5,5,2
LLM_A,Awareness,Yes,3,3,4,2,2,2
LLM_D,Novice,Yes,4,4,4,3,4,4
LLM_C,Advanced,Yes,3,4,4,3,4,4
LLM_D,Awareness,Yes,4,4,5,4,4,5
LLM_D,Awareness,Yes,5,5,5,3,2,4
LLM_B,Intermediate,Yes,1,3,1,2,3,3
LLM_D,Awareness,Yes,5,4,5,5,4,4
LLM_D,Awareness,Yes,1,3,1,1,3,3
LLM_D,Novice,Yes,5,4,3,3,4,2
LLM_D,Awareness,Yes,2,2,1,1,1,1
LLM_D,Novice,Yes,3,3,3,1,1,3
LLM_D,Novice,Yes,2,1,5,1,4,1
LLM_D,Awareness,Yes,1,3,1,1,1,3
LLM_D,Awareness,Yes,2,3,4,3,3,4
LLM_D,Novice,Yes,5,5,5,1,2,1
LLM_D,Awareness,Yes,4,4,4,4,4,4
LLM_A,Novice,Yes,4,4,5,2,4,3
LLM_D,Intermediate,Yes,3,4,4,2,4,3
LLM_B,Advanced,Yes,4,3,3,4,5,5
LLM_A,Novice,Yes,3,3,4,1,4,4
LLM_A,Novice,Yes,4,4,2,1,4,3
LLM_C,Awareness,Yes,3,4,5,3,3,4
LLM_C,Novice,Yes,3,4,3,3,4,5
LLM_C,Expert,Yes,4,4,5,4,5,2
LLM_D,Advanced,Yes,5,5,4,5,5,4
LLM_A,Intermediate,Yes,4,4,5,4,3,4
LLM_C,Novice,Yes,4,4,5,3,4,3
LLM_B,Advanced,Yes,4,4,4,5,5,4
LLM_C,Intermediate,Yes,5,5,5,5,5,5
LLM_A,Intermediate,Yes,3,2,3,3,1,5
LLM_C,Advanced,Yes,5,4,5,4,4,2
LLM_A,Awareness,Yes,4,4,3,3,3,3
LLM_A,Expert,Yes,1,1,1,1,4,4
LLM_A,Intermediate,No,3,3,3,3,3,3
LLM_A,Intermediate,Yes,4,4,4,4,4,3
LLM_C,Awareness,Yes,4,4,4,4,5,4
LLM_A,Awareness,Yes,5,5,5,5,5,5
LLM_B,Advanced,Yes,5,4,5,4,5,4
LLM_A,Intermediate,Yes,4,5,4,5,5,4
LLM_A,Intermediate,Yes,5,5,5,5,5,4
LLM_C,Awareness,No,2,2,4,2,3,4
LLM_A,Novice,Yes,4,4,4,3,3,4
LLM_C,Advanced,Yes,5,4,4,4,4,3
LLM_B,Expert,Yes,5,5,5,5,5,5
LLM_C,Advanced,Yes,4,5,4,4,5,1
LLM_C,Awareness,Yes,4,4,4,4,4,4
LLM_C,Awareness,Yes,4,4,4,3,4,4
LLM_A,Awareness,No,4,4,5,3,4,3
LLM_C,Intermediate,Yes,2,3,3,2,4,4
LLM_D,Novice,Yes,5,5,4,5,5,4
LLM_B,Novice,Yes,4,5,4,4,4,4
LLM_C,Awareness,Yes,4,4,4,2,3,3
LLM_B,Intermediate,Yes,4,4,3,4,4,5
LLM_C,Advanced,Yes,4,4,4,4,4,3
LLM_C,Advanced,Yes,4,3,4,5,4,4
LLM_C,Expert,Yes,5,5,5,5,5,5
LLM_C,Advanced,Yes,5,4,4,3,5,3
LLM_C,Intermediate,Yes,5,5,5,5,3,2
LLM_A,Advanced,Yes,4,3,4,4,4,2
LLM_B,Advanced,Yes,4,5,5,5,5,5
LLM_B,Novice,Yes,5,4,4,2,3,3
LLM_A,Awareness,Yes,3,4,4,2,2,2
LLM_C,Awareness,No,4,4,4,3,4,3
LLM_C,Intermediate,Yes,4,4,4,4,4,4
LLM_B,Expert,Yes,4,4,4,5,4,4
LLM_B,Expert,Yes,4,4,5,4,4,4
LLM_C,Novice,Yes,4,5,5,3,3,1
LLM_B,Advanced,Yes,4,5,4,3,4,4
LLM_C,Novice,Yes,3,3,3,3,3,3
LLM_C,Novice,Yes,4,3,5,3,4,3
LLM_B,Awareness,Yes,4,4,4,4,4,4
LLM_C,Awareness,Yes,1,2,4,4,2,3
LLM_C,Awareness,Yes,4,4,4,3,4,3
LLM_C,Intermediate,Yes,4,4,4,2,5,4
LLM_A,Awareness,No,2,5,1,3,4,2
LLM_A,Intermediate,Yes,5,4,2,4,4,2
LLM_C,Expert,Yes,4,4,5,5,4,4
LLM_A,Novice,Yes,4,4,3,4,4,3
LLM_B,Advanced,Yes,5,5,5,5,5,4
LLM_D,Expert,Yes,4,4,4,4,4,3
LLM_D,Expert,Yes,5,4,4,4,4,3
LLM_D,Advanced,Yes,4,5,4,5,4,2
LLM_D,Advanced,Yes,1,3,2,3,1,2
LLM_B,Intermediate,No,1,1,1,1,1,1
LLM_A,Advanced,Yes,4,4,3,4,5,4
LLM_A,Advanced,Yes,5,5,3,4,5,4
LLM_D,Awareness,Yes,3,3,4,2,2,3
LLM_D,Awareness,No,4,4,3,4,4,4
LLM_D,Expert,Yes,5,4,4,3,4,4
LLM_D,Advanced,Yes,4,3,4,3,3,4
LLM_A,Awareness,Yes,4,3,4,2,4,3
LLM_D,Advanced,Yes,4,5,5,4,4,1
LLM_D,Intermediate,Yes,4,5,4,5,4,4
LLM_D,Advanced,Yes,4,5,4,5,4,5
LLM_D,Advanced,Yes,4,5,4,4,5,4
LLM_B,Novice,Yes,5,5,5,5,5,1
LLM_D,Advanced,Yes,4,3,4,1,2,2
LLM_B,Novice,Yes,4,5,4,4,4,3
LLM_D,Expert,Yes,4,4,4,4,5,4
LLM_A,Intermediate,No,4,5,4,2,4,2
LLM_B,Novice,Yes,4,4,4,3,3,3
LLM_A,Advanced,Yes,5,4,3,4,4,1
LLM_B,Novice,No,4,4,4,4,3,2
LLM_D,Expert,Yes,5,5,5,5,5,2
LLM_A,Expert,Yes,4,3,4,3,3,4
LLM_B,Advanced,Yes,4,5,3,4,5,4
LLM_D,Awareness,Yes,5,4,5,2,3,4
LLM_B,Advanced,Yes,4,4,4,4,4,4
LLM_A,Intermediate,Yes,3,5,4,2,3,2
LLM_B,Expert,Yes,5,4,5,4,4,2
LLM_A,Novice,Yes,3,3,1,1,1,5
LLM_B,Advanced,Yes,5,3,4,1,2,5
LLM_A,Novice,Yes,4,4,4,3,3,4
LLM_B,Expert,Yes,5,5,5,5,5,1
LLM_B,Intermediate,No,4,4,4,3,3,3
LLM_B,Advanced,Yes,5,4,5,4,4,3
