Experience,LLM,Comment1,Comment2,Comment3,Comment4,Comment5
Awareness,LLM_C,The guide ,,,,
Awareness,LLM_B,Its a raising development that needs monitoring for perfection ,Pressure likely to fluctuate ,"The valid concern about downhole valve performance, and  the need for thorough diagnostics and cost effective intervention.","Fluctuating GOR is typically a symptom of gas lift instability, valve malfunction, or gas slippage, not something resolved by just opening the choke.",It oversimplifies a complex system and encourages neglect of a fundamental engineering tool.
Awareness,LLM_B,Lack of first hand knowledge on the subject matter,LLMs can be confidently wrong and i dont have enough knowledge on the subject matter.,"Same reasons as before, lack of first hand kowledge on the subject",Same reasons as before ,Same reasons as before
Awareness,LLM_B,They’re mere recommendations. There is need to further probe the scenario and look at other possible solutions.,"In my experience of using AI, there has been cases of generic answers which didn’t really solve the problem ",,,
Awareness,LLM_D,Insufficient information ,,,,
Novice,LLM_B,,,,,
Awareness,LLM_B,There could be other factors reducing flow beyond just the tubing pressure. Some other parameters need to be checked,For offshore environments that is very likely to happen.,Beyond replacement due to increasing performance. Cost is also a major factor and also the expected flow rate will determine if replacement or diagnosis is a better option.,If the choke is widen too much the pressure declines faster and managing the pressure of the well determines how long the well would produce.,"Since we are now using a gas lift method our focus shifts from the pressure depth profile to the annulus and tubing pressure, due to the gas injection from surface. However, the pressure depth profile helps understand how much pressure is needed to inject the gas into the annulus to meet the required pressure head to lift the fluids."
Awareness,LLM_D,"When the pressurized gas travels subsurface, and the valve is actuated, It gives the free will to aerate the oil, thereby restoring bhfp and enhancing flow assurance.","Gases are injected at different temperatures and as a result of that,the gas lifts may be subjected to expansion and contractions. So, thermal cycling may greatly affect lift stability.","I believe acoustic survey works with the reflection of sound waves to determine the efficiency of gas lift, liquid loading and assessing well performance. Hence, I believe once they are launched, the reflection of sound waves are analyzed another to get results.","Shallow gas can poses great risk, but if the production rate keeps fluctuating, the impact of shallow gas entry the can be less severe .",Spiking Gas-to-Oil ratio is a great indicator of a kick - an influx of formation fluid into the wellbore and if not managed may lead to an escalation or blowout 
Awareness,LLM_D,Because boosting surface pressure can practically enhance downhole gas distribution. ,,,,
Awareness,LLM_A,"The symptoms particularly annulus pressure fluctuation and inconsistent valve activity, suggest potential issues with gas lift stability, which this step directly addresses.","The 48 hour review period is a good time  for capturing both operational and thermal cycles also, the Annulus pressure behavior over time can reveal valve leak-through, thermal effects, or multipoint injection all of which explain the pressure fluctuation and inconsistent valve activity seen in the well.",The annulus pressure trending over time can reveal thermal effects and mechanical issues like valve leak-through or unintended shallow valve opening.,This approach provides a clear method to pinpoint the actual gas entry point along the wellbore by comparing measured pressures to expected profiles. ,"Overlaying GOR with pressure data can uncover dynamic interactions between gas injection and fluid production as a rising GOR alongside falling annulus pressure strongly suggests gas interference, gas lock, or multipoint injection."
Novice,LLM_D,Specificity over genericity ,,,,
Advanced,LLM_C,Lack of more information,Lack of more information,Lack of more information,Lack of more information,Lack of more information
Awareness,LLM_D,,,,,
Awareness,LLM_D,,,,,
Intermediate,LLM_B,"If there's any thermal contraction, it should be at night, not day...","If there's an underlying reason for the inconsistency, the new valves could exhibit the same behaviour ",,,
Awareness,LLM_D,,,,,
Awareness,LLM_D,,,,,
Novice,LLM_D,Given that the Gaslift valves are pressure controlled and can be activated by pressure depending on the pressure rating. An increase in Gas injection pressure can activate the deepest valve to ensure the lift gas goes deep enough to carry the fluid up the tubing.,"It's largely dependent on the nature of the well. HTHP or not. The pressure gradient also affects this, for wells with significant pressure gradients it should affect a little. (My thoughts)",I've not run one before.,,
Awareness,LLM_D,,,,,
Novice,LLM_D,Increasing the injection pressure is an option to ensure the valve fully opens,The production swing is too significant ,It is a relevant diagnostic step,I think it is a problem giving the production swing ,The spikes might be due to the faulty valves and wherefore needs investigation
Novice,LLM_D,,,,,
Awareness,LLM_D,"It's a common practice to boost surface injection pressure in gas lift. Boosting surface injection pressure can help open deeper valves, which may not be activating if pressure is marginal. But then it will be ideal to support this with a nodal analysis or gas lift design review, because blindly boosting with 100psi without proper analysis could risk over injection or unintended gas behavior ","Thermal cycling from day-night temperature changes can cause pressure variations in the annulus, especially offshore. This seems to be technically sound, but should still be monitored if combined with erratic valve behavior ","Acoustic surveys can help, but they are not always reliable, especially for shallow valves. Might not show much more than what surface trends already reveal.","Makes sense. Pressure-depth checks can show where gas is entering. Shallow entry is not always a big deal, especially with the current flow swings. Depends on the well setup though.","Could be true. GOR spikes often come from injection issues or separator tweaks. Not usually a serious problem, but I would still keep an eye on it to be sure"
Awareness,LLM_D,The fact that it proposed a solution which I still need to verify,The need to validate the above response using life data,The confirm with real time data,The possibility that gas entry could cause a problem,The uncertainty around that
Novice,LLM_D,Absence of reason why pressure drops during the day and recovers at night and also there was no account for the valve evaluation to check if the valves are in a good working condition ,"Fluctuations in gas supply pressure or rate (from compressor problems, valve issues, etc.) can introduce non-thermal pressure variations",The fact that they miss shallow valves and produce fake positives ,The lack of consideration of gas entering at shallow depth,Every change in production parameters should be put into consideration and undergo investigation immediately as most of these parameters may account for future or immediate well problems
Awareness,LLM_D,,,,,
Novice,LLM_A,,,,,
Intermediate,LLM_D,It adheres to normal gas lift injection procedures of having a Min THP of 100 psi during design,"Although the statement makes sense, it is not entirely true as pressure fluctuations is not expected during continuous GL Operations ","Sure, pressure gradient curve can reveal gas entry points. Not so sure about the effect of shallow gas on the optimization ","While the statement in itself  makes sense, spiking GOR can definitely be a well control issue ",
Advanced,LLM_B,well i feel guilty,this is the best.. soo funn,in this i see love,i think this will be worked out,this is the right answer
Novice,LLM_A,The advice is fairly general and doesnt alignment with the anulas bleeding woth day to night variation. The ranking is that it is providing some very basic initial troubleshooting guidance.,It captured more of the event data in the recommendation. Still lacks a bit on resolution to narrow down options.,It gave a good recommendation and action to investigate to resolve the issue.,Gave a good recommendation and course of action for i vestigation.,Providing actionable and good specific guidance to resolve the ossue.
Novice,LLM_A,Please go further in depth with your last statement,Please go further in depth with the pressure release and its dynamics,Does valve activity constantly shift,Does the point of rationality merge with other aspects,Can the downhole separator combine with its partners
Awareness,LLM_C,If the pressure is fluctuating it could not be running on all cylinders,It's just an educational guess no real facts,The actual acoustic valve pressureneeds to be checked,We need to see if the simulator is lining up correctly,We need to see what is interfering
Novice,LLM_C,Because I can use the Ai to analyze the problem and help me understand a solution to the problem,Because I would prefer to check everything myself and go step by step before I asked AI for assistance,I believe that the AI would take an analysis of the problem and give me a solution for the problem to resolve,I would prefer to go over everything and make a check list,I believe the information provided would be helpful to solve the issue at hand
Expert,LLM_C,CTO from Florida in oil and gas. Expert in gas lift. Mentor engineers,"As a 27-year-old woman from Florida working as a CTO in oil and gas, I trust the Al assistant because it gives accurate, relevant, and efficient answers. Impression: Helpful. Trust rating: High",Helpful and accurate I trust AI assistant responses,It's normal,None
Advanced,LLM_D,I think the use of artificial intelligence is very important and the suggestions made by Ghaala are very effective.,The information provided is very useful.,It is very useful information.,The information provided is very useful.,Because I think this information is correct.
Intermediate,LLM_A,"The AI certainly has a lot of helpful info however if humans can make mistakes and humans design AI its safe to say there should be some concern. I believe you should ask follow up questions to gather as much info as possible. That ensures if something does go bad you did all you could and not based you decision on AI bc if AI is incorrect on their suggestion and you did as AI suggested with no follow questions or doing your own troubleshooting as well, you not AI are responsible","Follow up just ensures you gather as much info as possible. With the human factor, multiple people's suggestions are heard and used to come up with a solution. Follow up with AI is gathering as much as you can to make the best solution",To gather as much info as you can before acting,Info gathering g,Info gathering
Novice,LLM_C,AI has been trustworthy from my experience.,AI has been correct on all occasions.,It gave the correct steps.,Explained correctly.,Gave the correct answer
Advanced,LLM_B,I have experience and it's trusted,It's trustworthy and dependable,It's to of lost and accurate,Runs smooth with no issues,U don't need to model the recommendation
Intermediate,LLM_C,Diagnostic,Pressure fluctuate,Seems to be accurate,Research is key,Realtime diagnosis
Intermediate,LLM_A,I really do the old way with his hands on,Show me things can go wrong with the electrical of the AI. It’s better just to do it hands-on,Things can go wrong with the AI. It’s better to do it by hands-on and that’s why I picked two for the low trust rating.,I don’t trust it,I don’t trust it
Advanced,LLM_C,"Some other way it is where it is a little weird, but I agree with it. I know most of it to be true.",I felt like the AI was a little on par but not completely. There needed to be a lot more information.,This response was a bit incorrect. That's not how I would recommend proceeding.,This is exactly what I would have suggested. The AI is definitely anpoint.,This is exactly what I would have suggested. The AI is pretty much on point .
Awareness,LLM_A,Ai pulls credible information front multiple sources,That’s very close to what my recommendation would have been,"Again, that is what I would have recommended",I’d rather double check my number before continuing with the AI suggestion,
Expert,LLM_A,the trust is high,brudda,brudda,bruh,hhhg
Intermediate,LLM_A,Unaware of knowing the actual answer,Unaware,Unaware,,
Intermediate,LLM_A,Hasn't been using it long,Seems credible,Need more information,Need more t,Seems credible
Awareness,LLM_C,Not enough experience,Not enough experience,Gives more options,Gives valve options,Gives more options
Awareness,LLM_A,I can answer any questions,I accept,Because not true,No excuses to exit,Gos over lap
Advanced,LLM_B,i accepted the recommendation,i chose to accept the recommendation,i accepted the recommendation,better than others,better than others
Intermediate,LLM_A,Because it works well and analyze well,I just want to know more about it,I feel like it gave me in-depth information,I just feel like it's missing some information,I need to know a little more information than what is given
Intermediate,LLM_A,Trust but verify as the stakes are high,Trust but verify,Seems simple,4,4
Awareness,LLM_C,I don't trust AI much,This makes sense.,It's logical.,Not so sure.,It's not so accurate
Novice,LLM_A,I have some knowledge. The ai has allot more information,I have some knowledge. The ai has more information,I have some knowledge. The ai has more information,I have some knowledge. The ai has more information,I have some knowledge. The ai has more information
Advanced,LLM_C,Because of transparent,Because there has to be some human interaction,Because it will save you alot of time,Helping you make a decision,Very informative
Expert,LLM_B,Ai is a trustworthy application,Ai is a very smart application,I use ai in all my businesses,If I feel so is wrong I will check other resources,I trust ai fully
Advanced,LLM_C,i trust ai very much because now a days AI are getting smart,Ai getting more advanced,Ai is so helpful,"so fast, and time saving",need less time
Awareness,LLM_C,It’s a standard operating procedure,Standard operating procedure,Standard operating procedure,Standard operating procedure,Standard operating procedure
Awareness,LLM_C,It’s a logical course of action,Good catch,"It’s a little passive, but still leads in the right direction",Better direction with specifics,Good suggestion
Awareness,LLM_A,What was suggested makes sense and from what little I've learned so far sounds right,This makes sense that there could be a leak or one of the values not functioning pr6,This one I'm unsure of. It sounds right but something doesn't feel right about it.,If a value is stuck open it could cause over pressure in the lines and sometimes even an under pressure in the lines. A not properly working value is dangerous,I'm unsure on this one but I sounds logical but before I did anything I'd get a second opinion just incase.
Intermediate,LLM_C,It was a helpful response,I trust the response time in AI,AI is helpful,Somewhat,Somewhat
Novice,LLM_D,It is very important,It is very important,It is very important,It is very good,It is very important
Novice,LLM_B,Because everything is different on a rig.,It's dangerous,Because I can't trust just ai,That is a great response,It seems risky
Awareness,LLM_C,when it comes to an ai were always going to be iffy about there responce but aventually well ajust,th ai analyses every litthe dea,its like auto correct itll make sure your correct,i think its on the right track,well done
Intermediate,LLM_B,The response was based on clear product benefits; truest rating reflects credibl eclaims and familiar branding.,I based my response on clear messaging and rated trust high due to brand reputation and transparency.,The product message was clear and informative; I rated trust highly due to recognizable branding and scientifically supported claims.,Clear product benefits and trustworthy branding influeced my response and resulted in a high truest rating,Clear message and trusted brand led to a high trust rating.
Advanced,LLM_C,Because I think it's very good,Because I think it's very good,Because I think it's very good,Because it is very good,Because it is very good
Advanced,LLM_C,THE AI IS TRUSTWORTHY AS IT ALIGNS WITH STANDARD RESPONDS,BETTER TO ME THAN OTHER,GOOD TO ME THAN OTHER,GOOD FOR MY COMPANY,BETTER THAN OTHER
Expert,LLM_C,Very het,Very helpful,Idk,It would help,Make sure u keep it a a level
Advanced,LLM_C,AI make the gaslift easy to understand the procedure,The assistant AI gave help me trace the fault,Am neutral with the response,Very good and explanatory,I didnt agree with the response i have to trace fault
Intermediate,LLM_C,I think ai is more helpful than hurtful,The ai is surprisingly good,The ai seems to be right to me.,I appreciate the suggestions from ai,The ai suggestion is helpful
Advanced,LLM_A,It's in the middle because that's how I feel about,"The medium trust, because I hope fully trusted, but I sort of","I would trusted mediumly, because I would want to ask and follow up questi","Once again, I would have some more questions you did",I have more questions needing answers
Advanced,LLM_B,It fit my needs perfectly and made eblveryday routines so much easir,It worked great for my baby and made daily outings way less stressful,It gave me confidence every time we went out and kept my baby safe,It helped stabilize flow and made the we'll feel more predictable daily,It didn't feel complete and I needed deeper data to trust the device
Novice,LLM_B,I would want safety factors presented,I have seen this in the past and it makes sense.,What data is determining the failure of the component,I have seen this work in the past,Never heard of doing this with a reduction problem
Awareness,LLM_A,I’m going to accept recommendations and love forward because I agree with what the AI technology is saying,I’m going to ask follow up questions because there could be a number of reasons why it’s changing from night time to day time,I agree with the ai recommendation,We will follow the ai recommendations,Too many factors here I’m gonna need to ask more questions
Awareness,LLM_C,Increased pressure injection is helpful,Thermal impact can be significant,It covers actual possibilities,This is a thorough response to the issue presented,It just makes sense
Intermediate,LLM_C,"Production fluctuates tetween 1,300 and 2,000 stb/d Annulus pressure drops during the day, partially recovers at night Tubing head pressure down by 20% GOR spikes unpredictably Acoustic tool shows inconsistent valve activity No surface equipment alarms which indicate that something is misfiring",Acoustic tool shows inconsistent valve activity which doesn't seem to directly be talked about so I'm neutral but I could be helpful,It directly has a theory involving the acualissue involving v ing the,see if the injection depth lines up with what we expect from the valve spacing.seems not to directly line up with a solution involved w problwn,I just don't help including being something that is hands on for me so it's hard to put into words to where it would make ense
Expert,LLM_B,I think it would be a compatible system,I don't like ignoring the situation,I would want some of the information,That works for me,I like how specific it was
Expert,LLM_B,Its very good and very important,Its very good,Very important,Its very good and very important for me,Its very good and very important
Novice,LLM_C,"With a fully function ai, I would trust it more than a person since it thinks in numbers.",Ai calculate probabilities and statistics using data from all over the world,I’m am neutral with this because ai is not that well developed yet. It’s still in the early learning stages,Ai technology is still young and still need ton adapt and learn,Ai uses data to give u the best probability
Advanced,LLM_B,This aligns with my thinking on this topic,This is something that needs to be,This is an acceptable response in this situation,This is true and there are not alarms but this is a quick conclusion jump and needs to be investigated further,This is an acceptable response in this case
Novice,LLM_C,Usually AI is correct 8,No rationale,Not sure about the neutral valve,I believe it has to do with spacing,The pressure probably dipped
Novice,LLM_C,"i still would like to see all the pressure data, surface, tubing and annulus",the time in between is the pressure buildup in the reservoir.,an acoustic log may show that a valve is defective by a different signature allowing flow through the valve,"Yes, using a well simulator to model the pressure-depth and with the acoustic log to check the gas lift design and if the the actual injection depth aligns to the valve spacing",it suggests strong gas interference or issues in the injection
Awareness,LLM_B,I need more information from the AI,Insufficient answers from the AI,It seems the best course of action,It seems very accurate,I don’t trust in this recommendation
Awareness,LLM_C,The response is general and does not consider the specific information provided in the case at hand completly,The information is general and does not consider the specialities of the information provided in the case at hand,General information without considering the specifics,Does not provide an answer but questions,More in the topic at hand
Awareness,LLM_C,It gives good suggestions,Good suggestion,Help identify problems and solutions,Good suggestion,Good suggestion
Intermediate,LLM_C,It's a decent general response but I think further evaluation is needed,It's fairly accurate. We've had situations that are similar,I suspect it is also more of a well control issue more so than anything else,,
Awareness,LLM_A,Seems to be a good course of action,Good ideas,Good,Did,Didn't
Intermediate,LLM_A,Have to double check to see,,,,
Expert,LLM_C,Reliability and Accuracy.,I reacted them 4 for their Fairness and Ethical Design.,I Trust AI respond for there Reliability and Accuracy.,I trust the AI's respond for there Reliability and Accuracy.,Reliability and Accuracy.
Novice,LLM_A,Decent,Decent,,,
Advanced,LLM_B,The indepth analysis given by the AI and all the other factors taken into place.,AI analysed the situation and simplified it for everyone to get the job done faster.,"AI has given a valid advice for us not to waste resources and time repairing one of the three valves, instead we should replace it entirely.","AI has recommended that for more produce, we need to open the valve a little more.","AI has recommended that we don't change the valve just yet, but instead we open it a little more and let it operate like that for some time."
Expert,LLM_D,"logical because it enhances efficiency and accuracy, helping make better decisions. However, it is essential to handle challenges like training and privacy carefully to avoid negative impacts.","logical because it enhances efficiency and accuracy, helping make better decisions. However, it is essential to handle challenges like training and privacy carefully to avoid negative impacts.",,,
Expert,LLM_D,Because it has proven its effectiveness in many fields.,I trust your choices,I see some reservations about this topic.,I see that he is confident of humiliation,He is right about that.
Advanced,LLM_D,Quick and very detailed in answer,"Ai gave a clear direct answer, straightforward",Straightforward answering and clearly explained,"Measuring depths are on par and correct, clearly explained",It understands the clear separation in between the two
Advanced,LLM_D,It is advanced,"It says not to were, but always be cautious with gas and oil.",,,
Intermediate,LLM_B,Correct pressure,Procedure compliant,No safety,GOR greatly appreciate,Monitor your progress
Advanced,LLM_A,my own knowledge and assessment,,,,
Advanced,LLM_A,Trust,Not teus,Trust,,
Awareness,LLM_D,"I believe it is a good tool to help point in a possible direction, but must be verified for accuracy.",Must be verified,More concrete answers needed before doing a survey that may not tell you anything,Must be verified,Verify AI directions given. Not always accurate.
Awareness,LLM_D,Not trust,Gas risen and can blow up,Trust,Nine,Not trust the al
Expert,LLM_D,Because the additional gas will reduce the bottomhoke pressure by augmenting the formation,The thermal cycling isn't the appropriate response to the problem at hand.,"It sounds like possible liquid loading if it wants to run an acoustic survey, which is a proper response to the issue.",Doing the depth gradients can be a very important part in diagnosing the problem. It gives the analysis of the pressure distribution in the bore which can get to the root of the issue.,The a.i assistant saying there's no need for urgency is false.
Advanced,LLM_D,By knowing it had to engage the actuator to distribute the gas.,Because the AI is right as long as it steady back out pressure will fluctuate,You should always investigate a potential issue,,
Awareness,LLM_A,it laid out the facts clearly,"Very clear and concise, just the facts",very clear and concise,"clear and concise, just the facts","clear, concise, just the facts"
Advanced,LLM_D,It was very specific on how much to boost the PSI,It was a very generic response and telling me as long as there is gas there will.be fluctuation doesn't solve my problem,Telling me.avout the acoustic survey and how it could miss diagnosis,It seems that this is another generic response,
Intermediate,LLM_D,I think that it explains suggests effectively and doesnt leave me confused,It explains in an easy to understand way,,,
Advanced,LLM_D,i have always enjoyed the short clear options,i think it will be fun too use,i love how amazing features are,not sure or why,i think it needs m ore advancemwnt
Advanced,LLM_D,"Blue feels calming and expressive, like the vibe I get from live music. It reflects how I stay grounded and open, which helps me trust my instincts and choices","It felt confident, clear, and matched what I already believed or experienced.",,,
Novice,LLM_B,Quality results,True results,True statement,Fully trust,Great statement
Advanced,LLM_D,talking about the actuation,it did not initiate the steps to replacing valve heads and did not off a possible solution or troubleshooting steps to begin,it basically had the idea of wait and see without any definitive steps toward solving the problem or what the next steps should be to determine the issue,it basically gave one possible cause but no others and did nothing toward steps or solutions to correct the problem.,giving possible reasons as to why the fluctuations are occuring and some steps to investigate but not all steps that could be taken so it was only some initial steps in the beginning that were offered and not detailed corrective steps
Novice,LLM_B,It explained the valve behavior clearly and matched the symptoms I saw,It matched the symptoms I observed and explained valve beh savior clearly,,,
Expert,LLM_D,I already did because the response was very clear. I did really understand it.,It was very clear and detailed. There’s a response was understandable.,Response wasn’t really that clear to me. They left me confused.,,
Intermediate,LLM_A,This appears to follow what I have done without AI guidance.,This slightly varies from what I would do without AI.,There are other options to consider.,,
Novice,LLM_B,,,,,
Advanced,LLM_A,AI response was in step with company procedures,"AI is showing possible real time hazards, and is giving good measurements for proper valve function",AI is recommending good response for valve actuation and sequence protocols.,"AI is sending me to test critical pressures, to detect any issues with the system",AI has a good detection method which can be used to find leaks in the system
Novice,LLM_B,I agree with it,Increasing gas lift should stabilize the well and increase production,,,
Expert,LLM_D,The accuracy with which artificial intelligence displays results,Artificial intelligence highlights a recommendation that must be taken into account.,It displays its information based on significance.,It covers a variety of information to solve problems.,It provides various information to provide the best solutions.
Expert,LLM_A,trust,trust,trust,trust,trust
Advanced,LLM_B,All things,Many Quality,Not right,,
Awareness,LLM_D,It did not provide details of why it suggested that needed to be done.,The response made sense regarding the fact that there can be fluctuation,"The issue could be in the wellbore, not in the surrounding formation",I'm not sure I know what to do with that response,I kind of like the wait-and-see approach for trends
Advanced,LLM_B,The recommendation meets operation standard,Partially in contempts because we can’t ignore anything in operational engineering,It is actually writhing operational respond actions,Partially will work with the recommendation as first responds,Not to bad for a maintenance check routine
Intermediate,LLM_A,It was certain ways the ai put the words in the paragraph I just read.,It certainly added more details to make me trust it more.,It wasn’t too much that I understood.,Wasn’t too trustworthy,
Expert,LLM_B,just the evidence supported by factual basis.,it’s got good intuition about the counterparts.,facts nothing but facts.,didn’t seem quite right.,well according to my research it’s correct.
Novice,LLM_A,More details in the description of what needs to be done,,,,
Advanced,LLM_B,I don't believe AI has the same level of problem solving as a human. I would need follow up questions to hear whyAI came up with this response,The AI response is in agreement with my own opinion.,The AI response is to just replace everything instead if actually doing the work to troubleshoot the exact problem,I would ask follow up questions to determine why the AI gave me this answer,The is a generic response and has no solid reasoning or problem solving steps
Novice,LLM_A,The valve may not be opening properly,The reasoning behind the change in numbers from day to night,It’s run depth reasoning of if two valves are opening at the same time,gas could very well be entering at a higher design,I’m not familiar with its reasoning here
Expert,LLM_B,As a result of the accuracy of the information it provides,Reliable as a result of the information provided,It gives solutions to problems.,I am trusting in AI,Good to get on the solution
Intermediate,LLM_B,,,,,
Advanced,LLM_B,The AI was right when the pressure is increase it allow the valve to open fully,We can ignore the daytime we have more heat during the day with the factor of environment adding to it,The AI response is correct with my number of year experience,,
